{
  "beam_loop": {
    "sounds": [
      "suit/beam_loop"
  ],
    "category": "player"
  },
  "attack_loop": {
    "sounds": [
      "suit/beam_loop"
  ],
    "category": "player"
  },
  "bat_swarm": {
    "sounds": [
      "suit/beam_loop"
  ],
    "category": "player"
  },
  "charge_electric": {
    "sounds": [
      "suit/beam_loop"
  ],
    "category": "player"
  },
  "energy_activate": {
    "sounds": [
      "suit/beam_loop"
  ],
    "category": "player"
  },
  "equip_diamond1": {
    "sounds": [
      "suit/beam_loop"
  ],
    "category": "player"
  },
  "fire_beam_loop": {
    "sounds": [
      "suit/beam_loop"
  ],
    "category": "player"
  },
  "grapple_attatch": {
    "sounds": [
      "suit/beam_loop"
  ],
    "category": "player"
  },
  "grapple_fire": {
    "sounds": [
      "suit/beam_loop"
  ],
    "category": "player"
  },
  "ice_beam_loop": {
    "sounds": [
      "suit/beam_loop"
  ],
    "category": "player"
  },
  "ice_breathe": {
    "sounds": [
      "suit/beam_loop"
  ],
    "category": "player"
  },
  "mind_beam_loop": {
    "sounds": [
      "suit/beam_loop"
  ],
    "category": "player"
  }
}