{
  "beam_loop": {
    "sounds": [
      "suit/beam_loop"
  ],
    "category": "player"
  },
  "attack_loop": {
    "sounds": [
      "suit/attack_loop"
  ],
    "category": "player"
  },
  "bat_swarm": {
    "sounds": [
      "suit/bat_swarm"
  ],
    "category": "player"
  },
  "charge_electric": {
    "sounds": [
      "suit/charge_electric"
  ],
    "category": "player"
  },
  "energy_activate": {
    "sounds": [
      "suit/energy_activate"
  ],
    "category": "player"
  },
  "equip_diamond1": {
    "sounds": [
      "suit/equip_diamond1"
  ],
    "category": "player"
  },
  "fire_beam_loop": {
    "sounds": [
      "suit/fire_beam_loop"
  ],
    "category": "player"
  },
  "grapple_attatch": {
    "sounds": [
      "suit/grapple_attatch"
  ],
    "category": "player"
  },
  "grapple_fire": {
    "sounds": [
      "suit/grapple_fire"
  ],
    "category": "player"
  },
  "ice_beam_loop": {
    "sounds": [
      "suit/ice_beam_loop"
  ],
    "category": "player"
  },
  "ice_breathe": {
    "sounds": [
      "suit/ice_breathe"
  ],
    "category": "player"
  },
  "mind_beam_loop": {
    "sounds": [
      "suit/mind_beam_loop"
  ],
    "category": "player"
  }
}